Best in show?,,,,,,,,,,,,,,,,,,,,,,,,,,,,,,,,,,,,,,,,,,,,,,,,,,,,,,
,,"By dog breed: Dog Intelligence & Other Qualities vs Most Abandoned. Ideal dog: Life expectancy, IQ, congenital ailments, cuteness, price, maintenance, size vs Price vs Most Abandoned",,,,,,,,,,,,,,,,,,,,,,,,,,,,,,,,,,,,,,,,,,,,,,,,,,,,
Sources - see bottom right,,,,,,,,,,,,,,,,,,,,,,,,,,,,,,,,,,,,,,,,,,,,,,,,,,,,,,
,,,,,,,,,,,,,,,,,,,,,,,,,,,,,,,,,,,,,,,,,,,,,,,,,,,,,,
,,,,,,POPULARITY,,INTELLIGENCE (TRAINABILITY),,,,,LONGEVITY,,,GENETIC DISEASES,,,,CUTENESS,,LIFETIME COST,PURCHASE PRICE,,,,FOOD COSTS,,,,,OTHER REGULAR COSTS,,,,,,,,ONE OFFS,,OTHER,,,SIZE ,,,,,,,,,
Dog breed,,exclude?,,category,,"popularity ranking (1-173, 1 = most popular)",,intelligence ranking,intelligence category,repetitions to understand new commands,obey first command (% of time),,life expectancy (years),survey sample size,,congenital ailments: summary / areas affected,No.,congenital ailments: detail,,cuteness rating (adults),,"total lifetime cost, $",average price (US $),price bracket,lowest (US$),highest (US$),"food per week, average, £","min, £","max, £","food per week, $","food per lifetime, $","total per lifetime, $","total  per year, $","total, per year, £","toys, presents, treats, per year, £","pet sitters, per year, £","grooming, per year, £","vet fees per year, £","kennels per year, £","one offs, $",,grooming required,suitability for children,,size category,weight (kg),weight (lbs),shoulder height (cm),shoulder height (in),,note,source,link,
,,X = exclude,,American Kennel Club group,,"US. American Kennel Club registrations 2011, pure breeds only",,,,,,,weighted average - see note,<20 = not trustworthy,,only serious + common for breed,serious only,only serious + common for breed,,6 = super cute. 1 = not at all cute. subjective!,,,"mean, from puppyfind.com",,,,,,,converted to US $ using Google Finance,food per week x 52.1775 x average lifespan (column N),"if no average lifespan data, then 'no data'",converted to US $ using Google Finance,,averaged across all dog breeds. pet food excluded as calculated separately (see food costs),,,,,"Initial outlay: leash, collar, ID tag; food dishes; crate & bedding; toys and chews.",,once every.. (day / week),"high, medium, low",,,"mean of 'ideal' range for breed, mean of dogs and bitches",,,,,"popularity ranking: some breeds not included. intelligence ranking: some rank spots have multiple breeds. longevity is weighted average (mean) of several sources. price is mean price, first 10 puppies/breed, puppyfind.com 11-13 July 2012.",,,
Affenpinscher,,,,toy,,139,,37,Above average,15-25,>70,,11.42,21,,none,0,none,,4,,"15,456",510,budget,200,800,4,4,4,5.2,"3,100","11,645","1,020",784,121,126,244,177,116,200,,week,medium,,small,no data,no data,26,10.25,,,,,
Afghan Hound,,,,hound,,88,,80,Lowest,80-100,<25,,11.92,154,,none,0,none,,2,,"20,324",890,mid-price,450,1000,8.75,7.5,10,11.38,"7,078","12,155","1,020",784,121,126,244,177,116,200,,day,high,,large,25,55,66,26,,,,,
Airedale Terrier,,,,terrier,,55,,29,Above average,15-25,>70,,11.45,307,,hip problems,1,hip dysplasia,,4,,no data,733,mid-price,475,1200,no data,no data,no data,no data,no data,"11,676","1,020",784,121,126,244,177,116,200,,-,-,,medium,no data,no data,58,23,,,,,
Akita,,,,working,,47,,54,Average,25-40,>50,,10.16,192,,hip problems,1,hip dysplasia,,2,,"17,795","1,202",mid-price,565,1800,8.75,7.5,10,11.38,"6,033","10,361","1,020",784,121,126,244,177,116,200,,week,low,,large,no data,no data,66,26,,,,,
Alaskan Malamute,,,,working,,58,,50,Average,25-40,>50,,10.67,14,,"hip problems, dwarfism",2,"Hip dysplasia, Osteochondrodysplasia - skeletal dwarfism",,3,,"18,626","1,210",mid-price,550,2350,8.75,7.5,10,11.38,"6,336","10,881","1,020",784,121,126,244,177,116,200,,day,medium,,large,36,80,61,24,,Longevity based on UK KC Survey 2004,UK Kennel Club survey 2004,http://www.thekennelclub.org.uk/item/549,
American English Coonhound,,,,hound,,33,,no data,no data,no data,no data,,no data,-,,no data,no data,no data,,2,,no data,283,budget,100,350,no data,no data,no data,no data,no data,no data,"1,020",784,121,126,244,177,116,200,,-,-,,large,no data,no data,62,24.5,,6 dogs for sale only,,,
American Eskimo Dog,,,,non-sporting,,116,,no data,no data,no data,no data,,no data,-,,none,0,none,,3,,no data,560,budget,300,950,no data,no data,no data,no data,no data,no data,"1,020",784,121,126,244,177,116,200,,-,-,,small,no data,no data,36,14,,,,,
American Foxhound,,,,hound,,173,,46,Average,25-40,>50,,no data,-,,no data,no data,no data,,3,,no data,757,mid-price,250,1000,no data,no data,no data,no data,no data,no data,"1,020",784,121,126,244,177,116,200,,-,-,,medium,no data,no data,58,23,,Price: only 7 puppies listed for this breed,,,
American Staffordshire Terrier,,,,terrier,,72,,34,Above average,15-25,>70,,no data,-,,skin problems,1,Demodicosis/ Demodectic mange,,1,,no data,"1,043",mid-price,250,1500,no data,no data,no data,no data,no data,no data,"1,020",784,121,126,244,177,116,200,,-,-,,medium,no data,no data,46,18,,,,,
American Water Spaniel,,,,sporting,,157,,44,Average,25-40,>50,,no data,-,,none,0,none,,3,,no data,730,mid-price,600,1250,no data,no data,no data,no data,no data,no data,"1,020",784,121,126,244,177,116,200,,-,-,,medium,16,35,42,16.5,,,,,
Anatolian Shepherd Dog,,,,working,,111,,no data,no data,no data,no data,,10.75,23,,no data,no data,no data,,3,,no data,685,budget,no data,no data,8.75,7.5,10,11.38,"6,384","10,962","1,020",784,121,126,244,177,116,200,,week,medium,,large,52,115,71,28,,,,,
Australian Cattle Dog,,,,herding,,60,,10,Brightest,<5,>95,,11.67,11,,hip problems,1,hip dysplasia,,2,,"17,184",530,budget,250,1000,5.75,4,7.5,7.48,"4,554","11,900","1,020",784,121,126,244,177,116,200,,week,low,,medium,no data,no data,47,18.5,,,,,
Australian Shepherd,,,,herding,,24,,42,Average,25-40,>50,,12.28,641,,"deafness, hip problems",2,"deafness, hip dysplasia",,3,,"18,079",565,budget,250,1000,5.75,4,7.5,7.48,"4,792","12,522","1,020",784,121,126,244,177,116,200,,week,medium,,medium,no data,no data,52,20.5,,,,,
Australian Terrier,,,,terrier,,121,,34,Above average,15-25,>70,,11.05,241,,none,0,none,,4,,"15,108",640,budget,200,900,4,4,4,5.2,"3,000","11,268","1,020",784,121,126,244,177,116,200,,week,medium,,small,no data,no data,27,10.5,,,,,
Basenji,,,,hound,,93,,79,Lowest,80-100,<25,,13.58,46,,"kidney, eye problems, anaemia",3,"Fanconi syndrome, Persistent pupillary membranes (PPM), Pyruvate kinase (PK) deficiency",,3,,"18,675",940,mid-price,600,1200,4,4,4,5.2,"3,687","13,848","1,020",784,121,126,244,177,116,200,,week,medium,,medium,10,23,42,16.5,,,,,
Basset Hound,,,,hound,,41,,71,Lowest,80-100,<25,,11.43,152,,"blood, skin disorders",2,"Platelet dysfunction (thrombocytopathia, Basset hound thrombopathia), seborrhea",,5,,"15,448",490,budget,150,1000,4,4,4,5.2,"3,103","11,656","1,020",784,121,126,244,177,116,200,,week,high,,small,no data,no data,36,14,,,,,
Beagle,,,,hound,,3,,73,Lowest,80-100,<25,,12.3,303,,heart problems,1,Pulmonic stenosis,,5,,"16,369",288,budget,100,600,4,4,4,5.2,"3,339","12,543","1,020",784,121,126,244,177,116,200,,day,high,,small,no data,no data,36,14,,,,,
Bearded Collie,,,,herding,,112,,34,Above average,15-25,>70,,12.77,551,,none,0,none,,5,,no data,675,budget,no data,no data,5.75,4,7.5,7.48,"4,983","13,022","1,020",784,121,126,244,177,116,200,,day,high,,medium,no data,no data,53,21,,,,,
Beauceron,,,,herding,,144,,no data,no data,no data,no data,,no data,-,,no data,no data,no data,,2,,no data,967,mid-price,950,"1,000",no data,no data,no data,no data,no data,no data,"1,020",784,121,126,244,177,116,200,,-,-,,large,no data,no data,65,25.75,,3 dogs for sale only,,,
Bedlington Terrier,,,,terrier,,134,,40,Average,25-40,>50,,13.51,54,,"liver, eye problems",2,"Chronic hepatitis, Retinal dysplasia",,2,,"18,702","1,058",mid-price,250,1800,4,4,4,5.2,"3,668","13,777","1,020",784,121,126,244,177,116,200,,week,medium,,small,9,20,no data,no data,,Price: only 6 puppies for breed,,,
Belgian Malinois,,,,herding,,74,,22,Excellent,15-May,>85,,no data,-,,none,0,none,,3,,no data,"1,080",mid-price,550,2000,5.75,4,7.5,7.48,no data,no data,"1,020",784,121,126,244,177,116,200,,week,high,,large,no data,no data,61,24,,,,,
Belgian Shepherd Dog,,,,herding,,118,,15,Excellent,15-May,>85,,no data,-,,"cataracts + other eye problems, muscular dystrophy",4,"Cataracts, Pannus - chronic superficial keratitis, Progressive retinal atrophy, X-linked muscular dystrophy",,3,,no data,"1,200",mid-price,no data,no data,no data,no data,no data,no data,no data,no data,"1,020",784,121,126,244,177,116,200,,-,-,,large,no data,no data,61,24,,,,,
Belgian Shepherd Dog (Tervuren),,,,herding,,108,,14,Excellent,15-May,>85,,10.6,105,,"epilepsy, eye problems",2,"Idiopathic epilepsy, Pannus - chronic superficial keratitis",,3,,"16,216","1,070",mid-price,850,1200,5.75,4,7.5,7.48,"4,136","10,809","1,020",784,121,126,244,177,116,200,,week,high,,large,no data,no data,61,24,,,,,
Bernese Mountain Dog,,,,working,,34,,22,Excellent,15-May,>85,,7.56,701,,"meningitis, elbow + hip problems, complex immune disorder",4,"Meningitis, Elbow dysplasia - OCD of the elbow, Hip dysplasia, Histiocytosis",,4,,"13,719","1,320",mid-price,750,2500,8.75,7.5,10,11.38,"4,489","7,709","1,020",784,121,126,244,177,116,200,,day,high,,large,no data,no data,64,25.25,,,,,
Bichon Frise,,,,non-sporting,,39,,45,Average,25-40,>50,,12.21,146,,none,0,none,,6,,"16,658",693,budget,250,1500,4,4,4,5.2,"3,315","12,451","1,020",784,121,126,244,177,116,200,,day,high,,small,no data,no data,27,10.5,,,,,
Black and Tan Coonhound,,,,hound,,109,,44,Average,25-40,>50,,no data,-,,none,0,none,,4,,no data,325,budget,200,500,no data,no data,no data,no data,no data,no data,"1,020",784,121,126,244,177,116,200,,-,-,,large,no data,no data,64,25,,,,,
Black Russian Terrier,,,,working,,128,,no data,no data,no data,no data,,1.83 - really?,4,,none,0,none,,3,,no data,"2,833",high-end,2500,3000,no data,no data,no data,no data,no data,no data,"1,020",784,121,126,244,177,116,200,,-,-,,large,no data,no data,71,28,,3 dogs for sale only,,,
Bloodhound,,,,hound,,48,,75,Lowest,80-100,<25,,6.75,82,,"fatal stomach bloat, skin problems",2,"Gastric dilatation-volvulus, Hip dysplasia",,5,,"11,699",608,budget,200,1000,8.75,7.5,10,11.38,"4,008","6,883","1,020",784,121,126,244,177,116,200,,week,medium,,large,39,85,64,25,,,,,
Bluetick Coonhound,,,,hound,,136,,no data,no data,no data,no data,,no data,-,,none,0,none,,3,,no data,370,budget,200,500,no data,no data,no data,no data,no data,no data,"1,020",784,121,126,244,177,116,200,,-,-,,large,28,62.5,61,24,,,,,
Border Collie,,,,herding,,45,,1,Brightest,<5,>95,,12.52,164,,"eye problems, deafness",2,"Collie eye anomaly, deafness",,3,,"16,988",623,budget,175,1050,4,4,4,5.2,"3,399","12,767","1,020",784,121,126,244,177,116,200,,week,low,,medium,no data,no data,51,20,,,,,
Border Terrier,,,,terrier,,80,,30,Above average,15-25,>70,,14,177,,none,0,none,,4,,"19,110",833,mid-price,250,1200,4,4,4,5.2,"3,801","14,276","1,020",784,121,126,244,177,116,200,,week,high,,small,6,13.5,no data,no data,,,,,
Borzoi,,,,hound,,102,,76,Lowest,80-100,<25,,9.08,87,,none,0,none,,2,,"13,678",675,budget,300,1250,5.75,4,7.5,7.48,"3,543","9,259","1,020",784,121,126,244,177,116,200,,day,medium,,large,37,82.5,71,28,,"At least 28 in tall (males), 26 (females)",,,
Boston Terrier,,,,non-sporting,,22,,54,Average,25-40,>50,,10.92,42,,breathing problems,1,brachycephalic syndrome,,4,,"14,990",690,budget,400,1050,4,4,4,5.2,"2,964","11,136","1,020",784,121,126,244,177,116,200,,week,high,,medium,NA (3 classes),NA (3 classes),no data,no data,,,,,
Bouvier des Flandres,,,,herding,,83,,29,Above average,15-25,>70,,10.34,1079,,hip problems,1,hip dysplasia,,3,,"16,114","1,335",mid-price,800,2500,5.75,4,7.5,7.48,"4,035","10,544","1,020",784,121,126,244,177,116,200,,week,high,,large,no data,no data,65,25.5,,,,,
Boxer,,,,working,,7,,48,Average,25-40,>50,,8.81,2112,,"eye, nerve, heart problems",4,"Corneal dystrophy, Degenerative myelopathy, Dilated cardiomyopathy, Subaortic stenosis",,5,,"13,322",700,mid-price,300,2500,5.75,4,7.5,7.48,"3,438","8,984","1,020",784,121,126,244,177,116,200,,week,high,,medium,no data,no data,59,23.25,,,,,
Boykin Spaniel,,,,sporting,,138,,no data,no data,no data,no data,,no data,-,,no data,no data,no data,,3,,no data,531,budget,200,800,no data,no data,no data,no data,no data,no data,"1,020",784,121,126,244,177,116,200,,-,-,,medium,no data,no data,41,16,,,,,
Briard,,,,herding,,125,,30,Above average,15-25,>70,,11.17,71,,hip problems,1,hip dysplasia,,4,,"16,599",650,budget,500,800,5.75,4,7.5,7.48,"4,359","11,390","1,020",784,121,126,244,177,116,200,,day,high,,large,no data,no data,62,24.5,,Only 2 puppies for sale,,,
Brittany,,,,sporting,,30,,19,Excellent,15-May,>85,,12.92,28,,none,0,none,,4,,"19,034",618,budget,300,1200,5.75,4,7.5,7.48,"5,042","13,175","1,020",784,121,126,244,177,116,200,,week,medium,,medium,16,35,48,19,,,,,
Brussels Griffon,,,,toy,,77,,59,Fair,40-80,>30,,12,71,,none,0,none,,5,,"16,527",833,mid-price,500,1500,4,4,4,5.2,"3,258","12,237","1,020",784,121,126,244,177,116,200,,week,low,,small,4,9,no data,no data,,,,,
Bull Terrier,,,,terrier,,51,,66,Fair,40-80,>30,,10.21,225,,"heart problems, zinc metabolism disorder",2,"lethal acrodermatitis, Mitral valve dysplasia",,1,,"15,681","1,085",mid-price,300,1750,5.75,4,7.5,7.48,"3,984","10,412","1,020",784,121,126,244,177,116,200,,week,medium,,medium,27,60,55,21.5,,,,,
Bulldog,,,,non-sporting,,6,,78,Lowest,80-100,<25,,6.29,197,,"breathing, hip, heart problems, 'dry eye'",5,"brachycephalic syndrome, Hip dysplasia, Keratoconjunctivitis sicca (KCS) - ""dry eye"", Pulmonic stenosis, Ventricular septal defect (VSD)",,1,,"11,749","2,680",high-end,1500,5500,5.75,4,7.5,7.48,"2,455","6,414","1,020",784,121,126,244,177,116,200,,week,medium,,medium,20,45,no data,no data,,English bulldog,,,
Bullmastiff,,,,working,,40,,69,Fair,40-80,>30,,7.57,103,,"eye, hip problems",2,"Entropion, Hip dysplasia",,4,,"11,853",980,mid-price,600,1600,5.75,4,7.5,7.48,"2,954","7,719","1,020",784,121,126,244,177,116,200,,week,high,,large,52,115,65,25.5,,,,,
Cairn Terrier,,,,terrier,,59,,35,Above average,15-25,>70,,13.84,156,,"'lion jaw', heart problems  ",2,"Craniomandibular osteopathy (""lion jaw""), Mitral valve dysplasia",,4,,"18,505",435,budget,300,600,4,4,4,5.2,"3,757","14,113","1,020",784,121,126,244,177,116,200,,week,high,,small,6,14,25,10,,,,,
Canaan Dog,,,,herding,,168,,no data,no data,no data,no data,,14.67,2,,none,0,none,,3,,no data,"2,012",high-end,no data,no data,5.75,4,7.5,7.48,"5,725","14,960","1,020",784,121,126,244,177,116,200,,week,high,,medium,20,45,55,21.5,,,,,
Cane Corso,,,,working,,67,,no data,no data,no data,no data,,no data,-,,no data,no data,no data,,1,,no data,"1,070",mid-price,900,1500,no data,no data,no data,no data,no data,no data,"1,020",784,121,126,244,177,116,200,,-,-,,large,no data,no data,64,25,,,,,
Cardigan Welsh Corgi,,,,herding,,81,,26,Excellent,15-May,>85,,12.7,53,,none,0,none,,4,,no data,828,mid-price,395,1085,no data,no data,no data,no data,no data,"12,951","1,020",784,121,126,244,177,116,200,,-,-,,small,14,31.5,29,11.5,,,,,
Cavalier King Charles Spaniel,,,,toy,,21,,44,Average,25-40,>50,,11.29,829,,"heart, spinal problems",2,"Mitral valve dysplasia, Chiari-like malformation (CM) and syringomyelia (SM)",,5,,"15,794","1,017",mid-price,100,1800,4,4,4,5.2,"3,065","11,513","1,020",784,121,126,244,177,116,200,,week,high,,small,7,15.5,32,12.5,,,,,
Cesky Terrier,,,,terrier,,106,,no data,no data,no data,no data,,8.42,9,,no data,no data,no data,,2,,no data,no data,no data,no data,no data,5.75,4,7.5,7.48,"3,286","8,586","1,020",784,121,126,244,177,116,200,,week,high,,small,9,19,29,11.5,,,,,
Chesapeake Bay Retriever,,,,sporting,,46,,27,Above average,15-25,>70,,9.48,776,,hip problems,1,hip dysplasia,,3,,"14,089",522,budget,175,795,5.75,4,7.5,7.48,"3,699","9,667","1,020",784,121,126,244,177,116,200,,week,high,,large,31,67.5,60,23.5,,,,,
Chihuahua,,,,toy,,14,,67,Fair,40-80,>30,,no data,-,,knee problems,1,Patellar luxation,,6,,no data,588,budget,200,1500,4,4,4,5.2,no data,no data,"1,020",784,121,126,244,177,116,200,,week,low,,small,2,5.5,no data,no data,,weight should not exceed 6 pounds,,,
Chinese Crested,,,,toy,,61,,61,Fair,40-80,>30,,10.08,829,,no data,no data,no data,,2,,no data,538,budget,125,1300,no data,no data,no data,no data,no data,"10,279","1,020",784,121,126,244,177,116,200,,-,-,,small,no data,no data,30,12,,,,,
Chinese Shar Pei,,,,non-sporting,,50,,51,Average,25-40,>50,,no data,-,,"canine hay fever, skin, eye, hip problems",4,"Atopy, Demodicosis/ Demodectic mange, Entropion, Hip dysplasia",,4,,no data,840,mid-price,350,2000,no data,no data,no data,no data,no data,no data,"1,020",784,121,126,244,177,116,200,,-,-,,medium,24,52.5,48,19,,,,,
Chow Chow,,,,non-sporting,,68,,77,Lowest,80-100,<25,,9.01,38,,"eye, hip problems",2,"Entropion, Hip dysplasia",,5,,"13,419",515,budget,200,750,5.75,4,7.5,7.48,"3,516","9,188","1,020",784,121,126,244,177,116,200,,day,medium,,medium,no data,no data,47,18.5,,,,,
Clumber Spaniel,,,,sporting,,133,,37,Above average,15-25,>70,,10,301,,none,0,none,,2,,"15,333","1,033",mid-price,800,1500,5.75,4,7.5,7.48,"3,902","10,197","1,020",784,121,126,244,177,116,200,,week,high,,medium,32,70,47,18.5,,,,,
Cocker Spaniel,,,,sporting,,27,,20,Excellent,15-May,>85,,no data,-,,"eye, skin problems",2,"Retinal dysplasia, seborrhea",,5,,no data,465,budget,250,800,no data,no data,no data,no data,no data,no data,"1,020",784,121,126,244,177,116,200,,-,-,,small,no data,no data,37,14.5,,American cocker spaniel,,,
Collie,,,,herding,,36,,16,Excellent,15-May,>85,,no data,-,,"eye, skin and muscle disorders",2,"Collie eye anomaly (CEA), Dermatomyositis and ulcerative dermatosis",,3,,no data,650,budget,350,950,no data,no data,no data,no data,no data,no data,"1,020",784,121,126,244,177,116,200,,-,-,,large,28,62.5,61,24,,,,,
Curly Coated Retriever,,,,sporting,,154,,41,Average,25-40,>50,,10.75,40,,none,0,none,,3,,no data,no data,no data,no data,no data,8.75,7.5,10,11.38,"6,384","10,962","1,020",784,121,126,244,177,116,200,,week,medium,,large,no data,no data,64,25,,,,,
Dachshund,,,,hound,,9,,49,Average,25-40,>50,,12.63,265,,"skin, spinal problems",2,"acanthosis nigricans, Intervertebral disk disease",,4,,"16,930",423,budget,125,750,4,4,4,5.2,"3,429","12,879","1,020",784,121,126,244,177,116,200,,week,low,,small,11,24,no data,no data,,,,,
Dalmatian,,,,non-sporting,,73,,39,Above average,15-25,>70,,11.27,404,,"deafness, urinary stones",2,"Deafness, Urolithiasis (stones)",,4,,"16,785",695,budget,350,1000,5.75,4,7.5,7.48,"4,398","11,492","1,020",784,121,126,244,177,116,200,,week,high,,medium,no data,no data,53,21,,,,,
Dandie Dinmont Terrier,,,,terrier,,160,,62,Fair,40-80,>30,,12.17,62,,none,0,none,,5,,"18,284",925,mid-price,850,1000,5.75,4,7.5,7.48,"4,749","12,410","1,020",784,121,126,244,177,116,200,,day,high,,small,10,21,23,9,,Only 2 for sale,,,
Doberman Pinscher,,,,working,,13,,5,Brightest,<5,>95,,10.33,201,,"heart, spine, blood clotting disorders",4,"Dilated cardiomyopathy, Cervical vertebral instability (Wobbler syndrome), Intervertebral disk disease, von Willebrand's disease",,2,,"15,554",790,mid-price,300,1200,5.75,4,7.5,7.48,"4,031","10,534","1,020",784,121,126,244,177,116,200,,week,medium,,large,no data,no data,66,26,,,,,
English Cocker Spaniel,,,,sporting,,63,,18,Excellent,15-May,>85,,11.66,1199,,none,0,none,,5,,"16,055",800,mid-price,600,1000,4,4,4,5.2,"3,165","11,890","1,020",784,121,126,244,177,116,200,,week,high,,medium,14,30,41,16,,,,,
English Foxhound,,,,hound,,171,,46,Average,25-40,>50,,no data,-,,none,0,none,,3,,no data,no data,no data,no data,no data,no data,no data,no data,no data,no data,no data,"1,020",784,121,126,244,177,116,200,,-,-,,large,no data,no data,61,24,,,,,
English Setter,,,,sporting,,87,,37,Above average,15-25,>70,,11.57,402,,"deafness, hip problems",2,"deafness, hip dysplasia",,3,,"17,128",615,budget,250,1000,5.75,4,7.5,7.48,"4,515","11,798","1,020",784,121,126,244,177,116,200,,week,high,,large,no data,no data,62,24.5,,,,,
English Springer Spaniel,,,,sporting,,29,,13,Excellent,15-May,>85,,12.54,194,,"hip, eye, skin problems; enzyme deficiency",4,"Hip dysplasia, Phosphofructokinase (PFK) deficiency, Retinal dysplasia, seborrhea",,4,,"18,496",615,budget,450,1500,5.75,4,7.5,7.48,"4,894","12,788","1,020",784,121,126,244,177,116,200,,week,high,,medium,20,45,50,19.5,,,,,
English Toy Spaniel,,,,toy,,129,,45,Average,25-40,>50,,10.1,22,,none,0,none,,5,,no data,925,mid-price,150,1500,no data,no data,no data,no data,no data,"10,299","1,020",784,121,126,244,177,116,200,,-,-,,small,5,11,no data,no data,,,,,
Entlebucher Mountain Dog,,,,herding,,146,,no data,no data,no data,no data,,no data,-,,no data,no data,no data,,3,,no data,"1,167",mid-price,"1,000","1,300",no data,no data,no data,no data,no data,no data,"1,020",784,121,126,244,177,116,200,,-,-,,medium,no data,no data,47,18.5,,3 dogs for sale only,,,
Field Spaniel,,,,sporting,,141,,34,Above average,15-25,>70,,9.9,139,,none,0,none,,5,,no data,no data,no data,no data,no data,5.75,4,7.5,7.48,"3,863","10,095","1,020",784,121,126,244,177,116,200,,day,medium,,medium,no data,no data,44,17.5,,,,,
Finnish Lapphund,,,,herding,,104,,no data,no data,no data,no data,,7.33,5,,no data,no data,no data,,3,,no data,no data,no data,no data,no data,5.75,4,7.5,7.48,"2,860","7,475","1,020",784,121,126,244,177,116,200,,day,high,,medium,no data,no data,47,18.5,,,,,
Finnish Spitz,,,,non-sporting,,167,,43,Average,25-40,>50,,11.17,42,,none,0,none,,3,,no data,no data,no data,no data,no data,5.75,4,7.5,7.48,"4,359","11,390","1,020",784,121,126,244,177,116,200,,week,high,,medium,no data,no data,45,17.75,,,,,
Flat-Coated Retriever,,,,sporting,,90,,18,Excellent,15-May,>85,,9.02,1198,,none,0,none,,4,,"13,518",600,budget,300,1200,5.75,4,7.5,7.48,"3,520","9,198","1,020",784,121,126,244,177,116,200,,day,high,,medium,no data,no data,59,23.25,,Price: 3 dogs only,,,
French Bulldog,,,,non-sporting,,18,,58,Fair,40-80,>30,,9,71,,none,0,none,,1,,"14,790","1,900",high-end,1300,3500,5.75,4,7.5,7.48,"3,512","9,178","1,020",784,121,126,244,177,116,200,,week,high,,medium,12,27,no data,no data,,must weigh 28 pounds or less,,,
German Pinscher,,,,working,,137,,no data,no data,no data,no data,,11.42,24,,no data,no data,no data,,2,,no data,"1,500",high-end,1500,1500,no data,no data,no data,no data,no data,"11,645","1,020",784,121,126,244,177,116,200,,-,-,,medium,no data,no data,47,18.5,,only one dog for sale,,,
German Shepherd,,,,herding,,2,,3,Brightest,<5,>95,,9.73,795,,"nerves, pancreas, blood (hemophilia), hip joints",8,"Degenerative myelopathy (nerve disorder), Exocrine pancreatic insufficiency, Hemophilia, Hip dysplasia, Renal cystadenocarcinoma and nodular dermatofibrosis, Pannus - chronic superficial keratitis, Panosteitis, Perianal fistula

",,3,,"14,739",820,mid-price,400,1495,5.75,4,7.5,7.48,"3,797","9,922","1,020",784,121,126,244,177,116,200,,week,medium,,large,no data,no data,61,24,,,,,
German Shorthaired Pointer,,,,sporting,,15,,17,Excellent,15-May,>85,,11.46,203,,hip problems,1,hip dysplasia,,4,,no data,545,budget,200,850,no data,no data,no data,no data,no data,"11,686","1,020",784,121,126,244,177,116,200,,-,-,,large,28,62.5,61,24,,,,,
German Wirehaired Pointer,,,,sporting,,75,,44,Average,25-40,>50,,10,41,,hip problems,1,hip dysplasia,,3,,no data,655,budget,600,800,no data,no data,no data,no data,no data,"10,197","1,020",784,121,126,244,177,116,200,,-,-,,large,no data,no data,61,24,,,,,
Giant Schnauzer,,,,working,,95,,28,Above average,15-25,>70,,10,39,,hip problems,1,hip dysplasia,,4,,no data,810,mid-price,400,1500,no data,no data,no data,no data,no data,"10,197","1,020",784,121,126,244,177,116,200,,-,-,,large,no data,no data,65,25.5,,,,,
Glen of Imaal Terrier,,,,terrier,,158,,no data,no data,no data,no data,,10.42,6,,no data,no data,no data,,5,,no data,no data,no data,no data,no data,no data,no data,no data,no data,no data,"10,626","1,020",784,121,126,244,177,116,200,,-,-,,small,16,35,34,13.25,,,,,
Golden Retriever,,,,sporting,,4,,4,Brightest,<5,>95,,12.04,1314,,"elbows, hips, eyes, heart ",4,"elbow dysplasia, hip dysplasia, retinal dysplasia, subaortic stenosis",,4,,"18,134",958,mid-price,325,2500,5.75,4,7.5,7.48,"4,698","12,278","1,020",784,121,126,244,177,116,200,,week,high,,medium,27,60,58,22.75,,,,,
Gordon Setter,,,,sporting,,94,,34,Above average,15-25,>70,,11.1,169,,hip problems,1,hip dysplasia,,5,,"16,551",700,mid-price,500,100,5.75,4,7.5,7.48,"4,332","11,319","1,020",784,121,126,244,177,116,200,,week,high,,large,28,62.5,64,25,,3 dogs only,,,
Great Dane,,,,working,,19,,48,Average,25-40,>50,,6.96,667,,"heart, spinal, hip problems, fatal stomach bloat",4,"Dilated cardiomyopathy, Cervical vertebral instability (Wobbler syndrome), Gastric dilatation-volvulus, Hip dysplasia",,3,,"12,470","1,040",mid-price,500,2500,8.75,7.5,10,11.38,"4,133","7,097","1,020",784,121,126,244,177,116,200,,week,high,,large,no data,no data,76,30,,min height for males,,,
Great Pyrenees,,,,working,,71,,64,Fair,40-80,>30,,10,454,,hip problems,1,hip dysplasia,,3,,no data,503,budget,225,800,no data,no data,no data,no data,no data,"10,197","1,020",784,121,126,244,177,116,200,,-,-,,large,no data,no data,72,28.5,,"Excludes death from accidents (10.47%), euthanasia for temperament problems (9.13%), and dogs euthanized within 8 weeks of birth (2.23%).   With those included, median longevity would probably be about 9 yrs. ",,,
Greater Swiss Mountain Dog,,,,working,,82,,no data,no data,no data,no data,,6.8,71,,hip problems,1,hip dysplasia,,3,,no data,"1,605",high-end,900,2500,no data,no data,no data,no data,no data,"6,934","1,020",784,121,126,244,177,116,200,,-,-,,large,no data,no data,66,26,,,,,
Greyhound,,,,hound,,140,,46,Average,25-40,>50,,9.36,74,,blood vessel disorders,1,familial vasculopathy,,2,,"13,461","1,175",mid-price,200,2500,4,4,4,5.2,"2,541","9,545","1,020",784,121,126,244,177,116,200,,week,high,,large,29,65,no data,no data,,,,,
Harrier,,,,hound,,172,,no data,no data,no data,no data,,no data,-,,none,0,none,,3,,no data,no data,no data,no data,no data,no data,no data,no data,no data,no data,no data,"1,020",784,121,126,244,177,116,200,,-,-,,medium,no data,no data,51,20,,,,,
Havanese,,,,toy,,31,,no data,no data,no data,no data,,10.25,3,,none,0,none,,6,,no data,830,mid-price,300,1500,no data,no data,no data,no data,no data,"10,452","1,020",784,121,126,244,177,116,200,,-,-,,small,no data,no data,25,9.75,,,,,
Ibizan Hound,,,,hound,,149,,53,Average,25-40,>50,,no data,-,,none,0,none,,2,,no data,"1,500",high-end,1500,1500,5.75,4,7.5,7.48,no data,no data,"1,020",784,121,126,244,177,116,200,,week,high,,large,no data,no data,64,25,,Only 2 puppies for sale,,,
Icelandic Sheepdog,,,,herding,,143,,no data,no data,no data,no data,,no data,-,,no data,no data,no data,,3,,no data,no data,no data,no data,no data,no data,no data,no data,no data,no data,no data,"1,020",784,121,126,244,177,116,200,,-,-,,medium,no data,no data,44,17.25,,,,,
Irish Red and White Setter,,,,sporting,,147,,no data,no data,no data,no data,,11.57,199,,no data,no data,no data,,3,,no data,"1,000",mid-price,"1,000","1,000",no data,no data,no data,no data,no data,"11,798","1,020",784,121,126,244,177,116,200,,-,-,,large,no data,no data,62,24.25,,only 2 dogs for sale,,,
Irish Setter,,,,sporting,,70,,35,Above average,15-25,>70,,11.63,922,,"hip, eye problems",2,"Hip dysplasia, Progressive retinal atrophy",,3,,"17,123",525,budget,300,1000,5.75,4,7.5,7.48,"4,538","11,860","1,020",784,121,126,244,177,116,200,,week,high,,large,29,65,66,26,,,,,
Irish Terrier,,,,terrier,,132,,53,Average,25-40,>50,,no data,-,,none,0,none,,4,,no data,588,budget,400,850,5.75,4,7.5,7.48,no data,no data,"1,020",784,121,126,244,177,116,200,,week,high,,medium,12,26,46,18,,,,,
Irish Water Spaniel,,,,sporting,,150,,24,Excellent,15-May,>85,,9.33,95,,hip problems,1,hip dysplasia,,4,,no data,no data,no data,no data,no data,8.75,7.5,10,11.38,"5,540","9,514","1,020",784,121,126,244,177,116,200,,week,high,,medium,25,55,57,22.5,,,,,
Irish Wolfhound,,,,hound,,79,,41,Average,25-40,>50,,6.94,121,,"heart, liver, hip problems",3,"Dilated cardiomyopathy, Hip dysplasia, Portosystemic shunt",,2,,"15,675","1,333",mid-price,800,1550,15,15,15,19.51,"7,065","7,077","1,020",784,121,126,244,177,116,200,,week,high,,large,no data,no data,81,32,,,,,
Italian Greyhound,,,,toy,,65,,60,Fair,40-80,>30,,10.02,203,,none,0,none,,5,,"13,938",800,mid-price,500,120,4,4,4,5.2,"2,720","10,218","1,020",784,121,126,244,177,116,200,,week,low,,small,no data,no data,36,14,,,,,
Japanese Chin,,,,toy,,78,,62,Fair,40-80,>30,,9.25,38,,none,0,none,,6,,no data,513,budget,200,800,no data,no data,no data,no data,no data,"9,433","1,020",784,121,126,244,177,116,200,,-,-,,small,no data,no data,24,9.5,,,,,
Keeshond,,,,non-sporting,,98,,16,Excellent,15-May,>85,,12.17,104,,hip problems,1,hip dysplasia,,5,,no data,610,budget,350,1000,no data,no data,no data,no data,no data,"12,410","1,020",784,121,126,244,177,116,200,,-,-,,medium,no data,no data,44,17.5,,,,,
Kerry Blue Terrier,,,,terrier,,124,,35,Above average,15-25,>70,,9.4,353,,heart problems,1,Patent ductus arteriosus (PDA),,3,,"14,654","1,200",mid-price,900,1500,5.75,4,7.5,7.48,"3,668","9,586","1,020",784,121,126,244,177,116,200,,day,medium,,medium,17,36.5,47,18.5,,,,,
Komondor,,,,working,,166,,no data,no data,no data,no data,,9.17,10,,hip problems,1,hip dysplasia,,2,,no data,656,budget,500,850,no data,no data,no data,no data,no data,"9,351","1,020",784,121,126,244,177,116,200,,-,-,,large,45,100,70,27.5,,,,,
Kuvasz,,,,working,,148,,42,Average,25-40,>50,,no data,-,,hip problems,1,hip dysplasia,,4,,no data,no data,no data,no data,no data,no data,no data,no data,no data,no data,no data,"1,020",784,121,126,244,177,116,200,,-,-,,large,42,92.5,71,28,,,,,
Labrador Retriever,,,,sporting,,1,,7,Brightest,<5,>95,,12.04,1101,,"elbows, hips, eyes",3,"elbow dysplasia, hip dysplasia, retinal dysplasia",,4,,"17,986",810,mid-price,299,1500,5.75,4,7.5,7.48,"4,698","12,278","1,020",784,121,126,244,177,116,200,,week,high,,medium,31,67.5,58,23,,,,,
Lakeland Terrier,,,,terrier,,135,,62,Fair,40-80,>30,,no data,-,,none,0,none,,4,,no data,"1,093",mid-price,575,1600,5.75,4,7.5,7.48,no data,no data,"1,020",784,121,126,244,177,116,200,,week,high,,small,8,17,37,14.5,,,,,
Leonberger,,,,working,,103,,no data,no data,no data,no data,,6.98,125,,no data,no data,no data,,3,,"12,943","1,480",mid-price,700,1800,8.75,7.5,10,11.38,"4,145","7,118","1,020",784,121,126,244,177,116,200,,week,high,,large,no data,no data,72,28.5,,5 dogs for sale only,,,
Lhasa Apso,,,,non-sporting,,62,,68,Fair,40-80,>30,,13.92,91,,'dry eye',1,"Keratoconjunctivitis sicca (KCS) - ""dry eye""",,6,,"18,524",350,budget,175,550,4,4,4,5.2,"3,779","14,195","1,020",784,121,126,244,177,116,200,,week,high,,small,7,15,27,10.5,,,,,
Löwchen,,,,non-sporting,,152,,no data,no data,no data,no data,,10,9,,none,0,none,,5,,no data,no data,no data,no data,no data,no data,no data,no data,no data,no data,"10,197","1,020",784,121,126,244,177,116,200,,-,-,,small,no data,no data,33,13,,,,,
Maltese,,,,toy,,23,,59,Fair,40-80,>30,,12.25,42,,heart problems,1,Patent ductus arteriosus (PDA),,6,,no data,650,budget,300,1000,no data,no data,no data,no data,no data,"12,492","1,020",784,121,126,244,177,116,200,,-,-,,small,2,5,no data,no data,,,,,
Manchester Terrier,,,,terrier,,119,,32,Above average,15-25,>70,,9.32,142,,none,0,none,,2,,no data,720,mid-price,140,1500,no data,no data,no data,no data,no data,"9,504","1,020",784,121,126,244,177,116,200,,-,-,,small,8,17,no data,no data,,only 7 puppies for sale. weight for standard (not miniature),,,
Mastiff,,,,working,,28,,72,Lowest,80-100,<25,,6.5,94,,"hip, heart problems",2,"Hip dysplasia, Pulmonic stenosis",,3,,no data,900,mid-price,150,1200,no data,no data,no data,no data,no data,"6,628","1,020",784,121,126,244,177,116,200,,-,-,,large,no data,no data,76,30,,min weight for dogs,,,
Miniature Bull Terrier,,,,terrier,,127,,no data,no data,no data,no data,,6.6,73,,none,0,none,,1,,no data,"1,740",high-end,999,2800,no data,no data,no data,no data,no data,"6,730","1,020",784,121,126,244,177,116,200,,-,-,,small,no data,no data,30,12,,,,,
Miniature Pinscher,,,,toy,,42,,37,Above average,15-25,>70,,no data,-,,none,0,none,,3,,no data,535,budget,300,900,no data,no data,no data,no data,no data,no data,"1,020",784,121,126,244,177,116,200,,-,-,,small,no data,no data,29,11.25,,,,,
Miniature Schnauzer,,,,terrier,,12,,12,Excellent,15-May,>85,,11.81,232,,"liver, sinus problems",2,"Portosystemic shunt, Sick sinus syndrome",,3,,no data,715,mid-price,200,1600,no data,no data,no data,no data,no data,"12,043","1,020",784,121,126,244,177,116,200,,-,-,,small,no data,no data,33,13,,,,,
Neapolitan Mastiff,,,,working,,110,,no data,no data,no data,no data,,no data,-,,hip problems,1,hip dysplasia,,1,,no data,"1,760",high-end,850,3500,15,15,15,19.51,no data,no data,"1,020",784,121,126,244,177,116,200,,week,high,,large,59,130,70,27.5,,,,,
Newfoundland,,,,working,,43,,34,Above average,15-25,>70,,9.32,340,,"hip problems, heart defects",2,"subaortic stenosis, hip dysplasia",,4,,"16,416","1,178",mid-price,500,2000,8.75,7.5,10,11.38,"5,535","9,504","1,020",784,121,126,244,177,116,200,,week,high,,large,57,125,69,27,,,,,
Norfolk Terrier,,,,terrier,,120,,56,Fair,40-80,>30,,13.07,324,,none,0,none,,5,,"20,712","2,083",high-end,250,2500,5.75,4,7.5,7.48,"5,100","13,328","1,020",784,121,126,244,177,116,200,,week,medium,,small,5,12,24,9.5,,price: 9 puppies only,,,
Norwegian Buhund,,,,herding,,165,,no data,no data,no data,no data,,12.67,17,,no data,no data,no data,,3,,no data,no data,no data,no data,no data,no data,no data,no data,no data,no data,"12,920","1,020",784,121,126,244,177,116,200,,-,-,,medium,15,33,44,17.25,,,,,
Norwegian Elkhound,,,,hound,,96,,36,Above average,15-25,>70,,no data,-,,hip problems,1,hip dysplasia,,2,,no data,448,budget,350,500,no data,no data,no data,no data,no data,no data,"1,020",784,121,126,244,177,116,200,,-,-,,medium,23,51.5,51,20,,price: 5 puppies only,,,
Norwegian Lundehund,,,,non-sporting,,170,,no data,no data,no data,no data,,no data,-,,no data,no data,no data,,3,,no data,no data,no data,no data,no data,no data,no data,no data,no data,no data,no data,"1,020",784,121,126,244,177,116,200,,-,-,,small,no data,no data,34,13.5,,,,,
Norwich Terrier,,,,terrier,,89,,38,Above average,15-25,>70,,no data,-,,none,0,none,,4,,no data,"1,245",mid-price,750,2000,5.75,4,7.5,7.48,no data,no data,"1,020",784,121,126,244,177,116,200,,week,medium,,small,5,12,25,10,,,,,
Nova Scotia Duck Tolling Retriever,,,,sporting,,107,,no data,no data,no data,no data,,6.5,150,,hip problems,1,hip dysplasia,,3,,"10,865","1,500",high-end,1500,1500,5.75,4,7.5,7.48,"2,537","6,628","1,020",784,121,126,244,177,116,200,,week,high,,medium,no data,no data,48,19,,4 dogs for sale only,,,
Old English Sheepdog,,,,herding,,84,,63,Fair,40-80,>30,,11.19,111,,hip problems,1,hip dysplasia,,5,,"19,087",832,mid-price,500,1000,8.75,7.5,10,11.38,"6,645","11,411","1,020",784,121,126,244,177,116,200,,day,high,,medium,no data,no data,56,22,,,,,
Otterhound,,,,hound,,169,,46,Average,25-40,>50,,10.8,41,,hip problems,1,hip dysplasia,,3,,no data,no data,no data,no data,no data,5.75,4,7.5,7.48,"4,215","11,013","1,020",784,121,126,244,177,116,200,,week,high,,large,44,97.5,65,25.5,,,,,
Papillon,,,,toy,,38,,8,Brightest,<5,>95,,13,100,,"cataracts, hair loss, heart, eye, blood clotting disorders",5,"Cataracts, Follicular dysplasias, Mitral valve dysplasia, Progressive retinal atrophy, von Willebrand's disease",,6,,"17,726",740,mid-price,400,1000,4,4,4,5.2,"3,529","13,257","1,020",784,121,126,244,177,116,200,,week,medium,,small,no data,no data,24,9.5,,,,,
Parson Russell Terrier,,,,terrier,,97,,no data,no data,no data,no data,,no data,-,,none,0,none,,4,,no data,528,budget,150,850,5.75,4,7.5,7.48,no data,no data,"1,020",784,121,126,244,177,116,200,,week,medium,,small,7,15,34,13.5,,,,,
Pekingese,,,,toy,,64,,74,Lowest,80-100,<25,,11.56,94,,knee problems,1,Patellar luxation,,6,,"17,384",885,mid-price,200,3800,5.75,4,7.5,7.48,"4,511","11,788","1,020",784,121,126,244,177,116,200,,n/a,medium,,small,6,13,no data,no data,,to weigh no more than 14 pounds,,,
Pembroke Welsh Corgi,,,,herding,,25,,11,Excellent,15-May,>85,,12.25,116,,"cataracts + other eye problems, connective tissue, nerves, kidneys, spine, blood clotting disorders",9,"Cataracts, Corneal dystrophy, Cutaneous asthenia (Ehlers-Danlos syndrome), Degenerative myelopathy, Familial kidney disease, Intervertebral disk disease, Persistent pupillary membranes (PPM), Retinal dysplasia, von Willebrand's disease",,4,,no data,587,budget,375,750,no data,no data,no data,no data,no data,"12,492","1,020",784,121,126,244,177,116,200,,-,-,,small,12,26,28,11,,,,,
Petit Basset Griffon Vendeen,,,,hound,,131,,62,Fair,40-80,>30,,12.7,45,,none,0,none,,5,,no data,400,budget,250,700,no data,no data,no data,no data,no data,"12,951","1,020",784,121,126,244,177,116,200,,-,-,,small,no data,no data,36,14,,price: 3 puppies for sale only,,,
Pharaoh Hound,,,,hound,,151,,37,Above average,15-25,>70,,11.83,15,,none,0,none,,2,,"17,792",913,mid-price,475,1000,5.75,4,7.5,7.48,"4,616","12,063","1,020",784,121,126,244,177,116,200,,week,medium,,medium,no data,no data,58,23,,price: 6 puppies for sale only,,,
Plott,,,,hound,,145,,no data,no data,no data,no data,,no data,-,,none,0,none,,3,,no data,no data,no data,no data,no data,no data,no data,no data,no data,no data,no data,"1,020",784,121,126,244,177,116,200,,-,-,,medium,23,50,57,22.5,,,,,
Pointer,,,,sporting,,115,,43,Average,25-40,>50,,12.42,145,,hip problems,1,hip dysplasia,,3,,"20,534",294,budget,50,500,8.75,7.5,10,11.38,"7,375","12,665","1,020",784,121,126,244,177,116,200,,week,high,,large,27,59.5,65,25.5,,English Pointer. price: 8 puppies for sale only,,,
Polish Lowland Sheepdog,,,,herding,,159,,no data,no data,no data,no data,,10.8,30,,no data,no data,no data,,4,,no data,no data,no data,no data,no data,5.75,4,7.5,7.48,"4,215","11,013","1,020",784,121,126,244,177,116,200,,week,medium,,medium,no data,no data,47,18.5,,,,,
Pomeranian,,,,toy,,17,,23,Excellent,15-May,>85,,9.67,29,,heart problems,1,Patent ductus arteriosus (PDA),,6,,"13,356",670,budget,200,1500,4,4,4,5.2,"2,625","9,861","1,020",784,121,126,244,177,116,200,,week,medium,,small,2,5,no data,no data,,,,,
Poodle,,,,non-sporting,,8,,2,Brightest,<5,>95,,11.95,1178,,"fatal stomach bloat, skin disorder",2,"Gastric dilatation-volvulus (serious stomach disorder), sebaceous adenitis (skin disorder)",,3,,"17,949",900,mid-price,500,1500,5.75,4,7.5,7.48,"4,663","12,186","1,020",784,121,126,244,177,116,200,,week,medium,,medium,no data,no data,41,16,,15 in is min height for standard poodle,,,
Portuguese Water Dog,,,,working,,56,,no data,no data,no data,no data,,11.42,6,,none,0,none,,4,,no data,no data,no data,no data,no data,no data,no data,no data,no data,no data,"11,645","1,020",784,121,126,244,177,116,200,,-,-,,medium,22,47.5,51,20,,,,,
Pug,,,,toy,,26,,57,Fair,40-80,>30,,11,163,,'dry eye',1,"Keratoconjunctivitis sicca (KCS) - ""dry eye""",,1 or 6 depending on taste,,no data,469,budget,250,699,no data,no data,no data,no data,no data,"11,217","1,020",784,121,126,244,177,116,200,,-,-,,medium,no data,no data,41,16,,,,,
Puli,,,,herding,,156,,27,Above average,15-25,>70,,no data,-,,none,0,none,,5,,no data,913,mid-price,700,1000,no data,no data,no data,no data,no data,no data,"1,020",784,121,126,244,177,116,200,,-,-,,medium,no data,no data,42,16.5,,,,,
Pyrenean Shepherd,,,,herding,,162,,no data,no data,no data,no data,,no data,-,,no data,no data,no data,,3,,no data,no data,no data,no data,no data,no data,no data,no data,no data,no data,no data,"1,020",784,121,126,244,177,116,200,,-,-,,medium,no data,no data,46,18,,,,,
Redbone Coonhound,,,,hound,,126,,no data,no data,no data,no data,,no data,-,,none,0,none,,3,,no data,425,budget,300,700,no data,no data,no data,no data,no data,no data,"1,020",784,121,126,244,177,116,200,,-,-,,large,no data,no data,61,24,,,,,
Rhodesian Ridgeback,,,,hound,,44,,52,Average,25-40,>50,,9.1,10,,"birth defects, hip problems",2,"dermoid sinus, Hip dysplasia",,3,,"14,026",995,mid-price,750,1300,5.75,4,7.5,7.48,"3,551","9,280","1,020",784,121,126,244,177,116,200,,week,medium,,large,35,77.5,65,25.5,,,,,
Rottweiler,,,,working,,10,,9,Brightest,<5,>95,,9.11,654,,"heart, elbow, hip problems",3,"Subaortic stenosis, Elbow dysplasia - OCD of the elbow, Hip dysplasia",,2,,"16,017","1,118",mid-price,300,1800,8.75,7.5,10,11.38,"5,410","9,290","1,020",784,121,126,244,177,116,200,,week,medium,,large,no data,no data,62,24.5,,,,,
Saint Bernard,,,,working,,49,,65,Fair,40-80,>30,,7.78,93,,"heart, hip disorders, fatal stomach bloat",3,"Dilated cardiomyopathy, Gastric dilatation-volvulus, Hip dysplasia",,4,,"16,929",875,mid-price,450,1500,15,15,15,19.51,"7,920","7,934","1,020",784,121,126,244,177,116,200,,day,high,,large,70,155,67,26.5,,,,,
Saluki,,,,hound,,117,,43,Average,25-40,>50,,12,132,,none,0,none,,2,,"21,088","1,525",high-end,1000,1800,8.75,7.5,10,11.38,"7,126","12,237","1,020",784,121,126,244,177,116,200,,day,high,,medium,no data,no data,58,23,,lower end of range for males (23-28). females smaller,,,
Samoyed,,,,working,,69,,33,Above average,15-25,>70,,12.44,232,,hip problems,1,hip dysplasia,,4,,"21,435","1,162",mid-price,795,1400,8.75,7.5,10,11.38,"7,387","12,686","1,020",784,121,126,244,177,116,200,,week,high,,medium,no data,no data,54,21.25,,,,,
Schipperke,,,,non-sporting,,105,,15,Excellent,15-May,>85,,13,36,,"hair loss, diabetes, skin problems",4,"colour dilution alopecia, Diabetes mellitus, Follicular dysplasias, Pemphigus",,3,,no data,658,budget,300,975,no data,no data,no data,no data,no data,"13,257","1,020",784,121,126,244,177,116,200,,-,-,,small,no data,no data,29,11.5,,,,,
Scottish Deerhound,,,,hound,,142,,47,Average,25-40,>50,,8.7,300,,"heart problems, fatal stomach bloat",2,"Dilated cardiomyopathy, Gastric dilatation-volvulus",,2,,no data,no data,no data,no data,no data,no data,no data,no data,no data,no data,"8,872","1,020",784,121,126,244,177,116,200,,-,-,,large,42,92.5,no data,no data,,,,,
Scottish Terrier,,,,terrier,,54,,65,Fair,40-80,>30,,10.69,342,,blood clotting disorder,1,von Willebrand's disease,,4,,"14,832",829,mid-price,400,2200,4,4,4,5.2,"2,902","10,901","1,020",784,121,126,244,177,116,200,,day,medium,,small,9,20,25,10,,,,,
Sealyham Terrier,,,,terrier,,163,,56,Fair,40-80,>30,,12.25,12,,eye problems,1,Retinal dysplasia,,4,,no data,no data,no data,no data,no data,no data,no data,no data,no data,no data,"12,492","1,020",784,121,126,244,177,116,200,,-,-,,small,11,24,27,10.5,,,,,
Shetland Sheepdog,,,,herding,,20,,6,Brightest,<5,>95,,12.53,439,,"eye problems, deafness, skin + heart problems, blood clotting disorders",5,"Collie eye anomaly (CEA), deafness, Dermatomyositis and ulcerative dermatosis, Patent ductus arteriosus (PDA), von Willebrand's disease",,4,,no data,465,budget,150,1000,no data,no data,no data,no data,no data,"12,777","1,020",784,121,126,244,177,116,200,,-,-,,small,no data,no data,37,14.5,,,,,
Shiba Inu,,,,non-sporting,,53,,no data,no data,no data,no data,,7,3,,hip problems,1,hip dysplasia,,3,,no data,890,mid-price,650,1400,no data,no data,no data,no data,no data,"7,138","1,020",784,121,126,244,177,116,200,,-,-,,small,9,20,38,15,,,,,
Shih Tzu,,,,toy,,11,,70,Lowest,80-100,<25,,13.2,97,,eye problems,1,"Exposure keratopathy syndrome (exophthalmos, lagophthalmos, and/or macroblepharon)",,6,,"17,826",583,budget,275,1200,4,4,4,5.2,"3,583","13,461","1,020",784,121,126,244,177,116,200,,day,high,,small,6,12.5,25,9.75,,,,,
Siberian Husky,,,,working,,16,,45,Average,25-40,>50,,12.58,129,,none,0,none,,2,,"18,587",650,budget,450,1000,5.75,4,7.5,7.48,"4,909","12,828","1,020",784,121,126,244,177,116,200,,-,high,,medium,22,47.5,55,21.75,,Longevity based on UK KC Survey 2004,UK Kennel Club survey 2004,http://www.thekennelclub.org.uk/item/549,
Silky Terrier,,,,toy,,85,,37,Above average,15-25,>70,,14.25,3,,none,0,none,,4,,no data,448,budget,250,500,no data,no data,no data,no data,no data,"14,531","1,020",784,121,126,244,177,116,200,,-,-,,small,5,10,24,9.5,,,,,
Skye Terrier,,,,terrier,,164,,55,Fair,40-80,>30,,11,37,,none,0,none,,4,,no data,550,budget,500,600,no data,no data,no data,no data,no data,"11,217","1,020",784,121,126,244,177,116,200,,-,-,,small,18,40,25,9.75,,,,,
Smooth Fox Terrier,,,,terrier,,113,,40,Average,25-40,>50,,13.17,44,,none,0,none,,3,,no data,575,budget,450,750,no data,no data,no data,no data,no data,"13,430","1,020",784,121,126,244,177,116,200,,-,-,,small,8,17.5,38,15,,"Longevity: All fox terriers. Size: a full-sized, well balanced dog should not exceed 15½ inches at the withers--the bitch being proportionately lower. A dog with these measurements should scale 18 pounds in show condition--a bitch weighing some two pounds less-with a margin of one pound either way.",,,
Soft-Coated Wheaten Terrier,,,,terrier,,52,,40,Average,25-40,>50,,12.16,345,,none,0,none,,4,,no data,832,mid-price,675,1000,no data,no data,no data,no data,no data,"12,400","1,020",784,121,126,244,177,116,200,,-,-,,medium,16,35,46,18,,,,,
Spinone Italiano,,,,sporting,,123,,no data,no data,no data,no data,,9,47,,no data,no data,no data,,3,,no data,"1,725",high-end,1100,2000,no data,no data,no data,no data,no data,"9,178","1,020",784,121,126,244,177,116,200,,-,-,,large,no data,no data,62,24.5,,4 dogs for sale only,,,
Staffordshire Bull Terrier,,,,terrier,,76,,49,Average,25-40,>50,,12.05,157,,hip problems,1,hip dysplasia,,1,,"18,335","1,145",mid-price,500,1500,5.75,4,7.5,7.48,"4,702","12,288","1,020",784,121,126,244,177,116,200,,week,high,,medium,14,31,38,15,,,,,
Standard Schnauzer,,,,working,,91,,18,Excellent,15-May,>85,,no data,-,,hip problems,1,hip dysplasia,,3,,no data,855,mid-price,50,1500,no data,no data,no data,no data,no data,no data,"1,020",784,121,126,244,177,116,200,,-,-,,medium,no data,no data,47,18.5,,,,,
Sussex Spaniel,,,,sporting,,161,,no data,no data,no data,no data,,11.17,42,,none,0,none,,4,,no data,no data,no data,no data,no data,5.75,4,7.5,7.48,"4,359","11,390","1,020",784,121,126,244,177,116,200,,week,low,,small,18,40,36,14,,,,,
Swedish Vallhund,,,,herding,,153,,no data,no data,no data,no data,,14.17,7,,no data,no data,no data,,3,,"19,269",772,mid-price,550,1000,4,4,4,5.2,"3,847","14,450","1,020",784,121,126,244,177,116,200,,week,high,,small,no data,no data,32,12.5,,,,,
Tibetan Mastiff,,,,working,,122,,no data,no data,no data,no data,,11.92,10,,no data,no data,no data,,2,,"20,467","3,460",high-end,800,6500,5.75,4,7.5,7.48,"4,652","12,155","1,020",784,121,126,244,177,116,200,,week,high,,large,no data,no data,64,25,,5 dogs for sale only,,,
Tibetan Spaniel,,,,non-sporting,,114,,46,Average,25-40,>50,,14.42,125,,none,0,none,,5,,"21,582","1,050",mid-price,500,2000,5.75,4,7.5,7.48,"5,627","14,705","1,020",784,121,126,244,177,116,200,,week,high,,small,5,12,25,10,,,,,
Tibetan Terrier,,,,non-sporting,,86,,62,Fair,40-80,>30,,12.31,102,,none,0,none,,5,,"17,235","1,140",mid-price,450,1600,4,4,4,5.2,"3,342","12,553","1,020",784,121,126,244,177,116,200,,week,medium,,small,11,24,39,15.5,,,,,
Toy Fox Terrier,,,,toy,,101,,no data,no data,no data,no data,,no data,-,,no data,no data,no data,,4,,no data,460,budget,200,650,no data,no data,no data,no data,no data,no data,"1,020",784,121,126,244,177,116,200,,-,-,,small,no data,no data,25,10,,,,,
Vizsla,,,,sporting,,37,,25,Excellent,15-May,>85,,12.5,6,,none,0,none,,3,,no data,935,mid-price,800,1200,no data,no data,no data,no data,no data,"12,747","1,020",784,121,126,244,177,116,200,,-,-,,medium,no data,no data,57,22.5,,,,,
Weimaraner,,,,sporting,,32,,21,Excellent,15-May,>85,,no data,-,,hip problems,1,hip dysplasia,,3,,no data,562,budget,300,900,5.75,4,7.5,7.48,no data,no data,"1,020",784,121,126,244,177,116,200,,week,high,,large,no data,no data,64,25,,,,,
Welsh Springer Spaniel,,,,sporting,,130,,31,Above average,15-25,>70,,12.49,172,,hip problems,1,hip dysplasia,,5,,"17,077",750,mid-price,750,750,4,4,4,5.2,"3,391","12,737","1,020",784,121,126,244,177,116,200,,week,high,,medium,no data,no data,46,18,,only one dog for sale,,,
Welsh Terrier,,,,terrier,,99,,53,Average,25-40,>50,,no data,-,,none,0,none,,4,,no data,843,mid-price,575,1250,4,4,4,5.2,no data,no data,"1,020",784,121,126,244,177,116,200,,week,high,,small,9,20,38,15,,,,,
West Highland White Terrier,,,,terrier,,35,,47,Average,25-40,>50,,12.8,80,,"'lion jaw', 'dry eye', skin problems",3,"Craniomandibular osteopathy (""lion jaw""), Keratoconjunctivitis sicca (KCS) - ""dry eye"", seborrhea",,6,,"17,265",538,budget,275,750,4,4,4,5.2,"3,475","13,053","1,020",784,121,126,244,177,116,200,,week,high,,small,no data,no data,27,10.5,,,,,
Whippet,,,,hound,,57,,51,Average,25-40,>50,,12.87,500,,none,0,none,,2,,"17,733",915,mid-price,650,1200,4,4,4,5.2,"3,494","13,124","1,020",784,121,126,244,177,116,200,,week,medium,,medium,no data,no data,51,20,,,,,
Wire Fox Terrier,,,,terrier,,100,,51,Average,25-40,>50,,13.17,44,,none,0,none,,4,,no data,668,budget,175,1600,no data,no data,no data,no data,no data,"13,430","1,020",784,121,126,244,177,116,200,,-,-,,small,8,17.5,38,15,,Longevity: All fox terriers. Should not exceed 15½ inches tall at the shoulder and 18 pounds.,,,
Wirehaired Pointing Griffon,,,,sporting,,92,,46,Average,25-40,>50,,8.8,16,,none,0,none,,4,,no data,755,mid-price,750,800,no data,no data,no data,no data,no data,"8,974","1,020",784,121,126,244,177,116,200,,-,-,,medium,no data,no data,56,22,,,,,
Xoloitzcuintli,,,,non-sporting,,155,,no data,no data,no data,no data,,no data,-,,no data,no data,no data,,2,,no data,717,mid-price,300,"2,000",no data,no data,no data,no data,no data,no data,"1,020",784,121,126,244,177,116,200,,-,-,,medium,no data,no data,42,16.5,,,,,
Yorkshire Terrier,,,,toy,,5,,27,Above average,15-25,>70,,12.6,63,,"knee, liver, trachea, eye disorders",4,"Patellar luxation, Portosystemic shunt, tracheal collapse, Retinal dysplasia",,5,,"17,526","1,057",mid-price,275,2800,4,4,4,5.2,"3,420","12,849","1,020",784,121,126,244,177,116,200,,day,low,,small,2,5.5,no data,no data,,,,,
,,,,,,,,,,,,,,,,,,,,,,,,,,,,,,,,,,,,,,,,,,,,,,,,,,,,,,
Sources - see right,,,,,,,,,,,,,,,,,,,,,,,,,,,,,,,,,,,,,,,,,,,,,,,,,,,category,American Kennel Club,http://www.akc.org/breeds/index.cfm?nav_area=breeds,
,,,,,,,,,,,,,,,,,,,,,,,,,,,,,,,,,,,,,,,,,,,,,,,,,,,intelligence,"Stanley Coren: The Intelligence of Dogs. Based on dog trainer survey.  Based on ease of training, not all aspects of dog intelligence.",http://thehydrantblog.com/2011/05/03/the-intelligence-of-dogs-the-list/,
,,,,,,,,,,,,,,,,,,,,,,,,,,,,,,,,,,,,,,,,,,,,,,,,,,,longevity,"Dr. Kelly M. Cassidy, 2007. Dog longevity. Secondary source based on several authoritative primary sources (listed on link, far right).",http://users.pullman.com/lostriver/breeddata.htm,
,,,,,,,,,,,,,,,,,,,,,,,,,,,,,,,,,,,,,,,,,,,,,,,,,,,diseases,Canine Inherited Disorders Database,http://ic.upei.ca/cidd/,http://users.pullman.com/lostriver/citations.htm
,,,,,,,,,,,,,,,,,,,,,,,,,,,,,,,,,,,,,,,,,,,,,,,,,,,popularity,"American Kennel Club (AKC), 2011",http://www.akc.org/reg/dogreg_stats.cfm,
,,,,,,,,,,,,,,,,,,,,,,,,,,,,,,,,,,,,,,,,,,,,,,,,,,,price,"puppyfind.com, puppies for sale on 11 July 2012",http://www.puppyfind.com/browse/?sid=5aa35749188bc4d1ddf377c2fa42f9c0,
,,,,,,,,,,,,,,,,,,,,,,,,,,,,,,,,,,,,,,,,,,,,,,,,,,,size,American Kennel Club breed standards. Size is mean of ranges for both males and females.,http://www.akc.org/breeds/index.cfm?nav_area=breeds,
,,,,,,,,,,,,,,,,,,,,,,,,,,,,,,,,,,,,,,,,,,,,,,,,,,,food costs / grooming / suitability for children,Pet Planet breed profiles e.g. ,http://www.petplanet.co.uk/dog_breed_profile.asp?dbid=207,
,,,,,,,,,,,,,,,,,,,,,,,,,,,,,,,,,,,,,,,,,,,,,,,,,,,other regular costs,Sainsbury's Finance 2011,http://sainsburysbank.thepressdesk.co.uk/pages/142/2011+releases.stm?article_id=732,
,,,,,,,,,,,,,,,,,,,,,,,,,,,,,,,,,,,,,,,,,,,,,,,,,,,one offs,k9lifesavers.org,http://k-9lifesavers.org/?p=416,
